"category","prodId","prodName","prodUrl","brand","color","price","imageName","imageS3Url","imageUrl","description","details","pairWithProducts","similarProducts"
"women|similar clothing","9381601","adidas Originals Logo Cap In Red","http://us.asos.com/prd/9381601?CTAref=We+Recommend+Carousel_1&featureref1=we+recommend+pers","adidas","RED","23.00","asos_9381601_red.jpg","asos/women/similar-clothing/asos_9381601_red.jpg","http://images.asos-media.com/products/adidas-originals-logo-cap-in-red/9381601-1-red?$XXL$&wid=513&fit=constrain","Tops things off nicely|Domed crown|Curved peak|adidas logo|We’ve always got time for the Trefoil|Adjustable back strap fastening|",,,
"women|similar clothing","9373133","adidas Visor In White","http://us.asos.com/prd/9373133?CTAref=We+Recommend+Carousel_1&featureref1=we+recommend+pers","adidas","WHITE","19.50","asos_9373133_white.jpg","asos/women/similar-clothing/asos_9373133_white.jpg","http://images.asos-media.com/products/adidas-visor-in-white/9373133-1-white?$XXL$&wid=513&fit=constrain","Uses adidas climalite technology|Helps move sweat away from the skin|Sweat is then drawn out of the fabric to speed up evaporation|Keeping you cool and dry|Deep, pre-curved brim|3D branding|For that logo lifestyle|Non-stitched, slightly shortened visor|Strap-back closure|Part of the Eco Edit|Cos caring for the planet is cool|",,,
"women|similar clothing","9381601","adidas Originals Logo Cap In Red","http://us.asos.com/prd/9381601?CTAref=We+Recommend+Carousel_2&featureref1=we+recommend+pers","adidas","RED","23.00","asos_9381601_red.jpg","asos/women/similar-clothing/asos_9381601_red.jpg","http://images.asos-media.com/products/adidas-originals-logo-cap-in-red/9381601-1-red?$XXL$&wid=513&fit=constrain","Tops things off nicely|Domed crown|Curved peak|adidas logo|We’ve always got time for the Trefoil|Adjustable back strap fastening|",,,
"women|similar clothing","9373112","adidas Gym Bag In Black","http://us.asos.com/prd/9373112?CTAref=We+Recommend+Carousel_3&featureref1=we+recommend+pers","adidas","BLACK","20.00","asos_9373112_black.jpg","asos/women/similar-clothing/asos_9373112_black.jpg","http://images.asos-media.com/products/adidas-gym-bag-in-black/9373112-1-black?$XXL$&wid=513&fit=constrain","Bag it up|Fully lined|Padded handles|Adjustable strap|Zip-top closure|Contrast adidas logo|The bigger, the better|Side-zipped pocket|Interior slip pockets|",,,
"women|similar clothing","9371809","adidas Running Waist Belt","http://us.asos.com/prd/9371809?CTAref=We+Recommend+Carousel_2&featureref1=we+recommend+pers","adidas","BLACK","20.00","asos_9371809_black.jpg","asos/women/similar-clothing/asos_9371809_black.jpg","http://images.asos-media.com/products/adidas-running-waist-belt/9371809-1-black?$XXL$&wid=513&fit=constrain","Your new running buddy|Adjustable strap|Anti-slip coating on the inside for an enhanced fit|Clip fastening|Zip-top closure|Reflective details for greater visibility|Built-in key holder|",,,
"women|similar clothing","9368790","New Era Exclusive White Cap with Rose Gold LA","http://us.asos.com/prd/9368790?CTAref=We+Recommend+Carousel_4&featureref1=we+recommend+pers","New Era","WHITE-AND-ROSE-GOLD","20.00","asos_9368790_white-and-rose-gold.jpg","asos/women/similar-clothing/asos_9368790_white-and-rose-gold.jpg","http://images.asos-media.com/products/new-era-exclusive-white-cap-with-rose-gold-la/9368790-1-whiteandrosegold?$XXL$&wid=513&fit=constrain","Paneled crown|Eyelet vents|LA embroidery|Curved peak|Adjustable strap|Exclusive to ASOS|",,,
"women|similar clothing","10425982","Puma Exclusive Logo Cap With Taping In Pink","http://us.asos.com/prd/10425982?CTAref=We+Recommend+Carousel_4&featureref1=we+recommend+pers","PUMA","PINK","17.50","asos_10425982_pink.jpg","asos/women/similar-clothing/asos_10425982_pink.jpg","http://images.asos-media.com/products/puma-exclusive-logo-cap-with-taping-in-pink/10425982-1-pink?$XXL$&wid=513&fit=constrain","Tops things off nicely|Paneled crown|Eyelet vents|Curved peak|Puma branding|For that logo lifestyle|Adjustable back strap|",,,
"women|similar clothing","9506376","Vans Crew Socks With Blue Logo","http://us.asos.com/prd/9506376?CTAref=We+Recommend+Carousel_4&featureref1=we+recommend+pers","Vans","WHITE---BABY-BLUE","11.50","asos_9506376_white---baby-blue.jpg","asos/women/similar-clothing/asos_9506376_white---baby-blue.jpg","http://images.asos-media.com/products/vans-crew-socks-with-blue-logo/9506376-1-whitebabyblue?$XXL$&wid=513&fit=constrain","You can never have too many pairs|Fitted cuffs|Small logo print|For keeping your branding low key|Ankle length|",,,
"women|similar clothing","9813824","Fitbit Charge 2 smart watch in black","http://us.asos.com/prd/9813824?CTAref=We+Recommend+Carousel_1&featureref1=we+recommend+pers","Fitbit","BLACK","222.00","asos_9813824_black.jpg","asos/women/similar-clothing/asos_9813824_black.jpg","http://images.asos-media.com/products/fitbit-charge-2-smart-watch-in-black/9813824-1-black?$XXL$&wid=513&fit=constrain","This one's got skills|OLED screen with tap display|PurePulse heart rate|Multi-sport tracking|Connected GPS|Call, text and calendar alerts|Guided breathing sessions|Auto-sleep tracking|Long-life battery|Interchangeable straps (not included)|",,,
"women|similar clothing","8674216","Misfit MIS7000 Vapor smart watch in black","http://us.asos.com/prd/8674216?CTAref=We+Recommend+Carousel_4&featureref1=we+recommend+pers","Misfit","BLACK","293.00","asos_8674216_black.jpg","asos/women/similar-clothing/asos_8674216_black.jpg","http://images.asos-media.com/products/misfit-mis7000-vapor-smart-watch-in-black/8674216-1-black?$XXL$&wid=513&fit=constrain","Supplier code: MIS7000|Stainless steel case|Compatible with iPhone and Android smartphones|Touchscreen display|Swimproof and water resistant up to 50m|Built-in music player|Connects directly to wireless headphones|Built-in heart rate monitor|Receive smartphone notifications: emails, calls, texts and app alerts|Vibrations signal alerts and alarms|Magnetic charger to ensure all-day battery life|Pin-buckle fastening|Voice Activated Google Assistant|Downloadable 3rd party micro apps|",,,
"women|similar clothing","10288390","Fitbit Versa Smart Watch in Black","http://us.asos.com/prd/10288390?CTAref=We+Recommend+Carousel_2&featureref1=we+recommend+pers","Fitbit","BLACK","316.00","asos_10288390_black.jpg","asos/women/similar-clothing/asos_10288390_black.jpg","http://images.asos-media.com/products/fitbit-versa-smart-watch-in-black/10288390-1-black?$XXL$&wid=513&fit=constrain","Get personalized on-screen workouts|Connect to wireless Bluetooth headphones|Up to four day battery life|15+ specific workout modes such as run, bike or weights|Track heart rate and discover your cardio fitness level|Logs steps, heart rate, distance, calories burned and more|Automatically tracks and saves any physical activity|Set up personalized reminders to keep you active|Track and compare period cycles to sleep and weight|Monitor sleep stages, length and quality|Personalized breathing sessions based on heart rate|Access your favorite apps|GPS and wireless connectivity|Store and play 300+ songs|Receive text, mail and app alerts from your smartphone|Built-in NFC chip for credit and debit card payments|Customisable dashboard designs|Interchangeable bands|",,,
"women|similar clothing","9813720","Fitbit Alta HR activity tracker in gunmetal","http://us.asos.com/prd/9813720?CTAref=We+Recommend+Carousel_3&featureref1=we+recommend+pers","Fitbit","BLACK","237.00","asos_9813720_black.jpg","asos/women/similar-clothing/asos_9813720_black.jpg","http://images.asos-media.com/products/fitbit-alta-hr-activity-tracker-in-gunmetal/9813720-1-black?$XXL$&wid=513&fit=constrain","Silicone strap|Rose-gold-tone case|Tap display|Track steps, distance and calories burned|Continuous heart rate tracking and simplified heart rate zones|Built-in personalized cardio fitness score|Automatically tracks your sleep quality|Battery life up to seven days allowing you can track day and night without charge|Call, text and calendar alerts on display|Wrist strap is interchangeable|Syncs wirelessly to computers, iOS, Android and Windows devices|",,,
"women|similar clothing","9813714","Fitbit Alta HR activity tracker in rose gold","http://us.asos.com/prd/9813714?CTAref=We+Recommend+Carousel_4&featureref1=we+recommend+pers","Fitbit","PINK","237.00","asos_9813714_pink.jpg","asos/women/similar-clothing/asos_9813714_pink.jpg","http://images.asos-media.com/products/fitbit-alta-hr-activity-tracker-in-rose-gold/9813714-1-pink?$XXL$&wid=513&fit=constrain","Silicone strap|Rose-gold-tone case|Tap display|Track steps, distance and calories burned|Continuous heart rate tracking and simplified heart rate zones|Built-in personalized cardio fitness score|Automatically tracks your sleep quality|Battery life up to seven days allowing you can track day and night without charge|Call, text and calendar alerts on display|Wrist strap is interchangeable|Syncs wirelessly to computers, iOS, Android and Windows devices|",,,
"women|similar clothing","9813719","Fitbit Alta activity tracker in silver","http://us.asos.com/prd/9813719?CTAref=We+Recommend+Carousel_1&featureref1=we+recommend+pers","Fitbit","BLACK","158.00","asos_9813719_black.jpg","asos/women/similar-clothing/asos_9813719_black.jpg","http://images.asos-media.com/products/fitbit-alta-activity-tracker-in-silver/9813719-1-black?$XXL$&wid=513&fit=constrain","Witness the fitness|Track your steps, distance, calories burned, active minutes, hourly activity and stationary time|Helps you stay active throughout the day by giving you friendly reminders to move|Automatically recognizes and records exercises for you, so you can keep track of your workouts|Slim OLED display|Adjustable strap|See smart notifications at a glance|Long battery life up to 5 full days and nights|Tracks how long and how well you sleep|",,,
"women|similar clothing","9400076","Surfanic Feller Glove","http://us.asos.com/prd/9400076?CTAref=We+Recommend+Carousel_2&featureref1=we+recommend+pers","Gloves","010-WHITE","31.50","asos_9400076_010-white.jpg","asos/women/similar-clothing/asos_9400076_010-white.jpg","http://images.asos-media.com/products/surfanic-feller-glove/9400076-1-010white?$XXL$&wid=513&fit=constrain","Gloves by Surfanic    Waterproof, windproof and breathable designHelps to keep you warm and dryAdjustable snow cuffReinforced palmWrist straps|Waterproof, windproof and breathable design|Helps to keep you warm and dry|Adjustable snow cuff|Reinforced palm|Wrist straps|",,,
"women|similar clothing","9400101","Surfanic Feller Glove","http://us.asos.com/prd/9400101?CTAref=We+Recommend+Carousel_1&featureref1=we+recommend+pers","Gloves","020-BLACK","45.00","asos_9400101_020-black.jpg","asos/women/similar-clothing/asos_9400101_020-black.jpg","http://images.asos-media.com/products/surfanic-feller-glove/9400101-1-020black?$XXL$&wid=513&fit=constrain","Gloves by Surfanic    Water and windproof styleBreathable design to keep you warm and dry    Brushed fleece lining    Snow cuffEmbroidered logo detailReinforced palm|Water and windproof style|Breathable design to keep you warm and dry|Brushed fleece lining|Snow cuff|Embroidered logo detail|Reinforced palm|",,,
"women|similar clothing","9177312","ASOS 4505 Legging In Minimal Print","http://us.asos.com/prd/9177312?CTAref=We+Recommend+Carousel_2&featureref1=we+recommend+pers","ASOS 4505","MULTI","20.00","asos_9177312_multi.jpg","asos/women/similar-clothing/asos_9177312_multi.jpg","http://images.asos-media.com/products/asos-4505-legging-in-minimal-print/9177312-1-multi?$XXL$&wid=513&fit=constrain","This one's got antibacterial properties|Keeps your gear fresher for longer|Printed design|ASOS 4505 logo taping|High rise|Elasticated supportive waistband|Form-fitting design|",,,
"women|similar clothing","9633901","Noisy May Laser Cut Crochet Gym Legging","http://us.asos.com/prd/9633901?CTAref=We+Recommend+Carousel_2&featureref1=we+recommend+pers","Noisy May","BLACK","32.00","asos_9633901_black.jpg","asos/women/similar-clothing/asos_9633901_black.jpg","http://images.asos-media.com/products/noisy-may-laser-cut-crochet-gym-legging/9633901-1-black?$XXL$&wid=513&fit=constrain","Witness the fitness|High rise|Just like your standards|Stretch waist|Small logo to leg|Breathable crochet panels|Close-cut bodycon fit|",,,
"women|similar clothing","9633901","Noisy May Laser Cut Crochet Gym Legging","http://us.asos.com/prd/9633901?CTAref=We+Recommend+Carousel_1&featureref1=we+recommend+pers","Noisy May","BLACK","32.00","asos_9633901_black.jpg","asos/women/similar-clothing/asos_9633901_black.jpg","http://images.asos-media.com/products/noisy-may-laser-cut-crochet-gym-legging/9633901-1-black?$XXL$&wid=513&fit=constrain","Witness the fitness|High rise|Just like your standards|Stretch waist|Small logo to leg|Breathable crochet panels|Close-cut bodycon fit|",,,
"women|similar clothing","9111031","Ivy Park Low Rise 7/8 Leggings","http://us.asos.com/prd/9111031?CTAref=We+Recommend+Carousel_4&featureref1=we+recommend+pers","Ivy Park","BLACK","30.00","asos_9111031_black.jpg","asos/women/similar-clothing/asos_9111031_black.jpg","http://images.asos-media.com/products/ivy-park-low-rise-7-8-leggings/9111031-1-black?$XXL$&wid=513&fit=constrain","Low-rise waist|Elasticated waistband|Ivy Park logo detail|Close-cut bodycon fit|",,,
"women|similar clothing","10318513","ASOS DESIGN leggings with pearl hem","http://us.asos.com/prd/10318513?CTAref=We+Recommend+Carousel_3&featureref1=we+recommend+pers","ASOS DESIGN","BLACK","29.00","asos_10318513_black.jpg","asos/women/similar-clothing/asos_10318513_black.jpg","http://images.asos-media.com/products/asos-design-leggings-with-pearl-hem/10318513-1-black?$XXL$&wid=513&fit=constrain","High rise|Just like your standards|Split cuffs|Faux-pearl trim|It's all in the details|Body-Conscious fit|Holds you close|",,,
"women|similar clothing","9814366","Bershka gym legging in gray leaf print","http://us.asos.com/prd/9814366?CTAref=We+Recommend+Carousel_1&featureref1=we+recommend+pers","Bershka","MULTI","24.50","asos_9814366_multi.jpg","asos/women/similar-clothing/asos_9814366_multi.jpg","http://images.asos-media.com/products/bershka-gym-legging-in-gray-leaf-print/9814366-1-multi?$XXL$&wid=513&fit=constrain","A shot of print perfection|In-built short lining|High rise|Wide-cut, supportive waistband|Close-cut bodycon fit|",,,
"women|similar clothing","8851916","ASOS 4505 Petite training 7/8 legging with breathable mesh","http://us.asos.com/prd/8851916?CTAref=We+Recommend+Carousel_3&featureref1=we+recommend+pers","ASOS 4505","MULTI","19.00","asos_8851916_multi.jpg","asos/women/similar-clothing/asos_8851916_multi.jpg","http://images.asos-media.com/products/asos-4505-petite-training-7-8-legging-with-breathable-mesh/8851916-1-multi?$XXL$&wid=513&fit=constrain","This one's got antibacterial properties|Keeps your gear fresher for longer|High rise|Elasticated waistband|Logo detail to back|It's the little things that count|Breathable mesh panels|Close-cut bodycon fit|",,,
"women|similar clothing","9068078","ASOS 4505 TALL Seamless Yoga Legging With Leopard Panels","http://us.asos.com/prd/9068078?CTAref=We+Recommend+Carousel_3&featureref1=we+recommend+pers","","YELLOW","24.00","asos_9068078_yellow.jpg","asos/women/similar-clothing/asos_9068078_yellow.jpg","http://images.asos-media.com/products/asos-4505-tall-seamless-yoga-legging-with-leopard-panels/9068078-1-yellow?$XXL$&wid=513&fit=constrain","Ideal for yoga|Made for stretching and de-stressing|High-rise waist|Leopard-effect print design|Go wild|Stretch waistband|4505 branding to back|Form-fitting cut|These ones come up slightly larger than usual|",,,
"women|similar clothing","8577770","Reebok Training Hi-Rise Legging","http://us.asos.com/prd/8577770?CTAref=We+Recommend+Carousel_4&featureref1=we+recommend+pers","Reebok","BLUE","47.00","asos_8577770_blue.jpg","asos/women/similar-clothing/asos_8577770_blue.jpg","http://images.asos-media.com/products/reebok-training-hi-rise-legging/8577770-1-blue?$XXL$&wid=513&fit=constrain","The perfect kit for the gym or a lazy Sunday|You decide|Reebok Speedwick fabric|Draws sweat away from the body|Designed to keep you cool and dry|Mid-rise|Elasticated waistband|Breathable inserts|Body-Conscious fit|Skims in all the right places|",,,
"women|similar clothing","9157039","Puma Exclusive To ASOS Plus Geometric Printed Leggings","http://us.asos.com/prd/9157039?CTAref=We+Recommend+Carousel_4&featureref1=we+recommend+pers","PUMA","AOP","72.00","asos_9157039_aop.jpg","asos/women/similar-clothing/asos_9157039_aop.jpg","http://images.asos-media.com/products/puma-exclusive-to-asos-plus-geometric-printed-leggings/9157039-1-aop?$XXL$&wid=513&fit=constrain","Witness the fitness|Geometric design|Our kind of maths|High rise|Stretch waist|Close-cut bodycon fit|Exclusive to ASOS|",,,
"women|similar clothing","9248905","Reebok Training Lux Bold Hi-Rise Printed Leggings","http://us.asos.com/prd/9248905?CTAref=We+Recommend+Carousel_4&featureref1=we+recommend+pers","Reebok","BLACK","38.00","asos_9248905_black.jpg","asos/women/similar-clothing/asos_9248905_black.jpg","http://images.asos-media.com/products/reebok-training-lux-bold-hi-rise-printed-leggings/9248905-1-black?$XXL$&wid=513&fit=constrain","Reebok Speedwick fabric|Draws sweat away from the body|Designed to keep you cool and dry|High-rise waist|Elasticated waistband|Close-cut bodycon fit|",,,
"women|similar clothing","8870838","ASOS 4505 SKI Jumpsuit In Zebra Print With Funnel Neck Detail","http://us.asos.com/prd/8870838?CTAref=We+Recommend+Carousel_1&featureref1=we+recommend+pers","","MULTI","94.50","asos_8870838_multi.jpg","asos/women/similar-clothing/asos_8870838_multi.jpg","http://images.asos-media.com/products/asos-4505-ski-jumpsuit-in-zebra-print-with-funnel-neck-detail/8870838-1-multi?$XXL$&wid=513&fit=constrain","Waterproof and breathable|Keeps you dry, cool and comfortable|Asymmetric zebra-print panel|Funnel collar|Built-in cozy coverage|Taped zips for extra waterproofing|Press-stud placket|Lift pass pocket on sleeve for easy access|Elasticated cuffs|Signature ASOS 4505 logo|Fleece-lined pants for extra warmth|Stirrup cuffs for a secure fit|Slim-cut waist and leg|Ergonomic shaping for comfort and ease of movement|Regular fit - true to size|",,,
"women|similar clothing","8578116","Reebok Training Graphic Legging In Green","http://us.asos.com/prd/8578116?CTAref=We+Recommend+Carousel_4&featureref1=we+recommend+pers","Reebok","CHALK","40.50","asos_8578116_chalk.jpg","asos/women/similar-clothing/asos_8578116_chalk.jpg","http://images.asos-media.com/products/reebok-training-graphic-legging-in-green/8578116-1-chalk?$XXL$&wid=513&fit=constrain","Draws sweat away from the body|Designed to keep you cool and dry|All-over graphic print|High-rise elasticated waist|Reebok Sport logo to back|Form-fitting design|",,,
"women|similar clothing","9751184","Puma Ambition tight","http://us.asos.com/prd/9751184?CTAref=We+Recommend+Carousel_4&featureref1=we+recommend+pers","PUMA","BLACK","95.00","asos_9751184_black.jpg","asos/women/similar-clothing/asos_9751184_black.jpg","http://images.asos-media.com/products/puma-ambition-tight/9751184-1-black?$XXL$&wid=513&fit=constrain","Sporty with added spice|High rise|Elasticated waistband|Flat-lock seams reduce friction|PUMA logo|The bigger, the better|Body-Conscious fit|Holds you close|",,,
"women|similar clothing","8691107","South Beach Stripe Gym Legging In Black And Blue","http://us.asos.com/prd/8691107?CTAref=We+Recommend+Carousel_4&featureref1=we+recommend+pers","South Beach","MULTI","19.00","asos_8691107_multi.jpg","asos/women/similar-clothing/asos_8691107_multi.jpg","http://images.asos-media.com/products/south-beach-stripe-gym-legging-in-black-and-blue/8691107-1-multi?$XXL$&wid=513&fit=constrain","Smooth stretch fabric|High-rise waist|Elasticated waistband|Contrast stripe to sides|Close-cut compression fit|",,,
"women|similar clothing","9339003","Onzie Stripe Hi-Rise Yoga Leggings","http://us.asos.com/prd/9339003?CTAref=We+Recommend+Carousel_4&featureref1=we+recommend+pers","Onzie","MULTI","67.00","asos_9339003_multi.jpg","asos/women/similar-clothing/asos_9339003_multi.jpg","http://images.asos-media.com/products/onzie-stripe-hi-rise-yoga-leggings/9339003-1-multi?$XXL$&wid=513&fit=constrain","Breathable, moisture-managing fabric|Moves sweat away from the skin|Designed to keep you cool and dry|Super stretchy for unrestricted movement|High-rise waist|Elasticated waistband|Striped design|Get in line|Close-cut bodycon fit|",,,
"women|similar clothing","9045936","Puma Dance Mesh Insert Leggings In Pink","http://us.asos.com/prd/9045936?CTAref=We+Recommend+Carousel_4&featureref1=we+recommend+pers","PUMA","PINK","57.00","asos_9045936_pink.jpg","asos/women/similar-clothing/asos_9045936_pink.jpg","http://images.asos-media.com/products/puma-dance-mesh-insert-leggings-in-pink/9045936-1-pink?$XXL$&wid=513&fit=constrain","For when you need a bit more motivation|Moisture-managing dryCELL fabric|Draws sweat away from the skin|Helps sweat to evaporate faster|High rise|Elasticated waistband|PUMA logo print|Breathable mesh inserts|What's cooler than being cool?|Close-cut bodycon fit|",,,
"women|similar clothing","9339003","Onzie Stripe Hi-Rise Yoga Leggings","http://us.asos.com/prd/9339003?CTAref=We+Recommend+Carousel_4&featureref1=we+recommend+pers","Onzie","MULTI","67.00","asos_9339003_multi.jpg","asos/women/similar-clothing/asos_9339003_multi.jpg","http://images.asos-media.com/products/onzie-stripe-hi-rise-yoga-leggings/9339003-1-multi?$XXL$&wid=513&fit=constrain","Breathable, moisture-managing fabric|Moves sweat away from the skin|Designed to keep you cool and dry|Super stretchy for unrestricted movement|High-rise waist|Elasticated waistband|Striped design|Get in line|Close-cut bodycon fit|",,,
"women|similar clothing","9339003","Onzie Stripe Hi-Rise Yoga Leggings","http://us.asos.com/prd/9339003?CTAref=We+Recommend+Carousel_4&featureref1=we+recommend+pers","Onzie","MULTI","67.00","asos_9339003_multi.jpg","asos/women/similar-clothing/asos_9339003_multi.jpg","http://images.asos-media.com/products/onzie-stripe-hi-rise-yoga-leggings/9339003-1-multi?$XXL$&wid=513&fit=constrain","Breathable, moisture-managing fabric|Moves sweat away from the skin|Designed to keep you cool and dry|Super stretchy for unrestricted movement|High-rise waist|Elasticated waistband|Striped design|Get in line|Close-cut bodycon fit|",,,
"women|similar clothing","10297384","ASOS 4505 scoop neck racer back bra","http://us.asos.com/prd/10297384?CTAref=We+Recommend+Carousel_1&featureref1=we+recommend+pers","ASOS 4505","BLACK","26.00","asos_10297384_black.jpg","asos/women/similar-clothing/asos_10297384_black.jpg","http://images.asos-media.com/products/asos-4505-scoop-neck-racer-back-bra/10297384-1-black?$XXL$&wid=513&fit=constrain","Witness the fitness|Scoop neck|Non-padded cups|Elasticated underband for a secure fit|Small logo to back|For keeping your branding low key|Racer back for unrestricted movement|Form-fitting design|",,,
"women|similar clothing","10113688","ASOS DESIGN crop square neck cami in black","http://us.asos.com/prd/10113688?CTAref=We+Recommend+Carousel_4&featureref1=we+recommend+pers","ASOS DESIGN","BLACK","9.50","asos_10113688_black.jpg","asos/women/similar-clothing/asos_10113688_black.jpg","http://images.asos-media.com/products/asos-design-crop-square-neck-cami-in-black/10113688-1-black?$XXL$&wid=513&fit=constrain","Plain design|A wardrobe staple|Square neck|Cropped length|What's up short-tee?|Body-Conscious fit|Holds you close|",,,
"women|similar clothing","10653083","New Look Flocked Zebra Print Tee","http://us.asos.com/prd/10653083?CTAref=We+Recommend+Carousel_3&featureref1=we+recommend+pers","New Look","RED","16.00","asos_10653083_red.jpg","asos/women/similar-clothing/asos_10653083_red.jpg","http://images.asos-media.com/products/new-look-flocked-zebra-print-tee/10653083-1-red?$XXL$&wid=513&fit=constrain","Nothing beats a fresh tee|Crew neck|Short sleeves|Flocked slogan design|Let your T-shirt do the talking|Regular cut|Fits you just right|",,,
"women|similar clothing","9850181","ASOS DESIGN rib cami with v neck and v back in black","http://us.asos.com/prd/9850181?CTAref=We+Recommend+Carousel_2&featureref1=we+recommend+pers","ASOS DESIGN","BLACK","13.00","asos_9850181_black.jpg","asos/women/similar-clothing/asos_9850181_black.jpg","http://images.asos-media.com/products/asos-design-rib-cami-with-v-neck-and-v-back-in-black/9850181-1-black?$XXL$&wid=513&fit=constrain","Plain design|A wardrobe staple|V-neck|Regular cut|Fits you just right|",,,
"women|similar clothing","10113688","ASOS DESIGN crop square neck cami in black","http://us.asos.com/prd/10113688?CTAref=We+Recommend+Carousel_3&featureref1=we+recommend+pers","ASOS DESIGN","BLACK","9.50","asos_10113688_black.jpg","asos/women/similar-clothing/asos_10113688_black.jpg","http://images.asos-media.com/products/asos-design-crop-square-neck-cami-in-black/10113688-1-black?$XXL$&wid=513&fit=constrain","Plain design|A wardrobe staple|Square neck|Cropped length|What's up short-tee?|Body-Conscious fit|Holds you close|",,,
"women|similar clothing","9584145","Bershka Strappy Back Cut Out Gym Bra","http://us.asos.com/prd/9584145?CTAref=We+Recommend+Carousel_4&featureref1=we+recommend+pers","Bershka","BLACK","32.00","asos_9584145_black.jpg","asos/women/similar-clothing/asos_9584145_black.jpg","http://images.asos-media.com/products/bershka-strappy-back-cut-out-gym-bra/9584145-1-black?$XXL$&wid=513&fit=constrain","This will help at your gym session|Moulded cups|Elasticated underband for a secure fit|Adjustable straps|Hook and eye closure|",,,
"women|similar clothing","9722740","Puma Strap Detail Bra In Black","http://us.asos.com/prd/9722740?CTAref=We+Recommend+Carousel_2&featureref1=we+recommend+pers","PUMA","BLACK","48.00","asos_9722740_black.jpg","asos/women/similar-clothing/asos_9722740_black.jpg","http://images.asos-media.com/products/puma-strap-detail-bra-in-black/9722740-1-black?$XXL$&wid=513&fit=constrain","For when you need a bit more motivation|Removable padding|Supportive underband for a secure fit|Branded design|For that logo lifestyle|Low-impact style|Ideal for light workouts and everyday support|",,,
"women|similar clothing","9850188","ASOS DESIGN rib cami with v neck and v back in white","http://us.asos.com/prd/9850188?CTAref=We+Recommend+Carousel_3&featureref1=we+recommend+pers","ASOS DESIGN","WHITE","13.00","asos_9850188_white.jpg","asos/women/similar-clothing/asos_9850188_white.jpg","http://images.asos-media.com/products/asos-design-rib-cami-with-v-neck-and-v-back-in-white/9850188-1-white?$XXL$&wid=513&fit=constrain","Yeah, we like this one too|Scoop neck|Adjustable cami straps|Ribbed detail|Regular fit|No surprises, just a classic cut|",,,
"women|similar clothing","10281785","Vero Moda Wild Heart Pocket Logo T-Shirt","http://us.asos.com/prd/10281785?CTAref=We+Recommend+Carousel_4&featureref1=we+recommend+pers","Vero Moda","SNOW-WHITE","18.50","asos_10281785_snow-white.jpg","asos/women/similar-clothing/asos_10281785_snow-white.jpg","http://images.asos-media.com/products/vero-moda-wild-heart-pocket-logo-t-shirt/10281785-1-snowwhite?$XXL$&wid=513&fit=constrain","Crew neck|Heart and slogan chest print|This one's got text appeal|Regular fit - not too loose, not too tight|",,,
"women|similar clothing","10015753","Pieces High Neck Blouse With Contrast Tipping","http://us.asos.com/prd/10015753?CTAref=We+Recommend+Carousel_2&featureref1=we+recommend+pers","","BLACK","42.00","asos_10015753_black.jpg","asos/women/similar-clothing/asos_10015753_black.jpg","http://images.asos-media.com/products/pieces-high-neck-blouse-with-contrast-tipping/10015753-1-black?$XXL$&wid=513&fit=constrain","The thing you didn't know you needed|High neck|Contrast tipping|It's all in the details|Regular fit - true to size|",,,
"women|similar clothing","10047900","Puma Classics Tight Green T-Shirt","http://us.asos.com/prd/10047900?CTAref=We+Recommend+Carousel_2&featureref1=we+recommend+pers","PUMA","LAUREL-WREATH","32.00","asos_10047900_laurel-wreath.jpg","asos/women/similar-clothing/asos_10047900_laurel-wreath.jpg","http://images.asos-media.com/products/puma-classics-tight-green-t-shirt/10047900-1-laurelwreath?$XXL$&wid=513&fit=constrain","You can never have too many|Crew neck|Puma print|For that logo lifestyle|Regular cut|Fits you just right|",,,
"women|similar clothing","9111175","Ivy Park Bra Top With Logo Waistband In Pink","http://us.asos.com/prd/9111175?CTAref=We+Recommend+Carousel_3&featureref1=we+recommend+pers","Ivy Park","PINK","28.00","asos_9111175_pink.jpg","asos/women/similar-clothing/asos_9111175_pink.jpg","http://images.asos-media.com/products/ivy-park-bra-top-with-logo-waistband-in-pink/9111175-1-pink?$XXL$&wid=513&fit=constrain","Find More Reasons To Move with our latest campaign|We’ve teamed up with 14 influencers to inspire you to get active|It’s not all about PBs and athletes here|Scoop neck|Stretch underband for a secure fit|Ivy Park logo detail|Racer back for a full range of motion|",,,
"women|similar clothing","9149397","Ivy Park Active Logo Bra In Black","http://us.asos.com/prd/9149397?CTAref=We+Recommend+Carousel_1&featureref1=we+recommend+pers","Ivy Park","BLACK","35.00","asos_9149397_black.jpg","asos/women/similar-clothing/asos_9149397_black.jpg","http://images.asos-media.com/products/ivy-park-active-logo-bra-in-black/9149397-1-black?$XXL$&wid=513&fit=constrain","Gym motivation starts with good kit|Breathable, quick-drying fabric|Medium support|Supportive underband for a secure fit|Ivy Park print|The bigger the branding, the better|",,,
"women|similar clothing","9519368","ASOS 4505 CURVE Gym Tank In Sheer Fabric","http://us.asos.com/prd/9519368?CTAref=We+Recommend+Carousel_4&featureref1=we+recommend+pers","ASOS 4505","WHITE","19.00","asos_9519368_white.jpg","asos/women/similar-clothing/asos_9519368_white.jpg","http://images.asos-media.com/products/asos-4505-curve-gym-tank-in-sheer-fabric/9519368-1-white?$XXL$&wid=513&fit=constrain","Scoop neck|Drop armholes|For breathability and movement|Branded design|For that logo lifestyle|Relaxed fit|",,,
"women|similar clothing","8716741","Onzie Snake Print Weave Yoga Bra","http://us.asos.com/prd/8716741?CTAref=We+Recommend+Carousel_3&featureref1=we+recommend+pers","Onzie","MAMBA","24.00","asos_8716741_mamba.jpg","asos/women/similar-clothing/asos_8716741_mamba.jpg","http://images.asos-media.com/products/onzie-snake-print-weave-yoga-bra/8716741-1-mamba?$XXL$&wid=513&fit=constrain","Breathable free-flow fabric|Quick-dry technology|Designed to keep you cool, dry and comfortable|Scoop neck|Lattice back detail|Elasticated underband|Racer cut for greater movement|",,,
"women|similar clothing","9372670","adidas Training Logo Bra In Black","http://us.asos.com/prd/9372670?CTAref=We+Recommend+Carousel_4&featureref1=we+recommend+pers","adidas","BLACK","40.00","asos_9372670_black.jpg","asos/women/similar-clothing/asos_9372670_black.jpg","http://images.asos-media.com/products/adidas-training-logo-bra-in-black/9372670-1-black?$XXL$&wid=513&fit=constrain","Gym motivation starts with a good kit|Scoop neck|adidas performance logo|Supportive underband for a secure fit|Racer back for freedom of movement|Pulls on over your head|",,,
"women|similar clothing","10337660","Pull&bear faux fur lined raincoat in ecru","http://us.asos.com/prd/10337660?CTAref=We+Recommend+Carousel_1&featureref1=we+recommend+pers","Pull&Bear","ECRU","67.00","asos_10337660_ecru.jpg","asos/women/similar-clothing/asos_10337660_ecru.jpg","http://images.asos-media.com/products/pullbear-faux-fur-lined-raincoat-in-ecru/10337660-1-ecru?$XXL$&wid=513&fit=constrain","The weather's got nothing on you|Full borg lining|Teddy-bear texture|Not quite a full-on fleece, but just as warm|Zip fastening|Functional pockets|Regular cut - fits you just right|",,,
"women|similar clothing","10009536","Only Play long hoodie jacket","http://us.asos.com/prd/10009536?CTAref=We+Recommend+Carousel_1&featureref1=we+recommend+pers","Only Play","GRAY-MARL","95.00","asos_10009536_gray-marl.jpg","asos/women/similar-clothing/asos_10009536_gray-marl.jpg","http://images.asos-media.com/products/only-play-long-hoodie-jacket/10009536-1-greymarl?$XXL$&wid=513&fit=constrain","Hooded neck|Branded design|For that logo lifestyle|Zip placket|Functional pockets|Longline style|Cut longer than standard length|Regular fit - true to size|",,,
"women|similar clothing","8502514","Puma Evostripe Jacket In Black","http://us.asos.com/prd/8502514?CTAref=We+Recommend+Carousel_3&featureref1=we+recommend+pers","PUMA","PUMA-BLACK","79.00","asos_8502514_puma-black.jpg","asos/women/similar-clothing/asos_8502514_puma-black.jpg","http://images.asos-media.com/products/puma-evostripe-jacket-in-black/8502514-1-pumablack?$XXL$&wid=513&fit=constrain","Heat-retaining warmCELL fabric|Traps heat while you exercise|Remains breathable for comfort|Hooded neck|Raglan sleeves|Zip fastening|Regular fit - true to size|Machine wash|77% Cotton, 23% Polyester|Our model wears a UK S/EU S/US XS and is 175cm/5'9"" tall|",,,
"women|similar clothing","10337660","Pull&bear faux fur lined raincoat in ecru","http://us.asos.com/prd/10337660?CTAref=We+Recommend+Carousel_2&featureref1=we+recommend+pers","Pull&Bear","ECRU","67.00","asos_10337660_ecru.jpg","asos/women/similar-clothing/asos_10337660_ecru.jpg","http://images.asos-media.com/products/pullbear-faux-fur-lined-raincoat-in-ecru/10337660-1-ecru?$XXL$&wid=513&fit=constrain","The weather's got nothing on you|Full borg lining|Teddy-bear texture|Not quite a full-on fleece, but just as warm|Zip fastening|Functional pockets|Regular cut - fits you just right|",,,
"women|similar clothing","8502514","Puma Evostripe Jacket In Black","http://us.asos.com/prd/8502514?CTAref=We+Recommend+Carousel_3&featureref1=we+recommend+pers","PUMA","PUMA-BLACK","79.00","asos_8502514_puma-black.jpg","asos/women/similar-clothing/asos_8502514_puma-black.jpg","http://images.asos-media.com/products/puma-evostripe-jacket-in-black/8502514-1-pumablack?$XXL$&wid=513&fit=constrain","Heat-retaining warmCELL fabric|Traps heat while you exercise|Remains breathable for comfort|Hooded neck|Raglan sleeves|Zip fastening|Regular fit - true to size|Machine wash|77% Cotton, 23% Polyester|Our model wears a UK S/EU S/US XS and is 175cm/5'9"" tall|",,,
"women|similar clothing","8327099","Puma Mesh Hooded Track Jacket","http://us.asos.com/prd/8327099?CTAref=We+Recommend+Carousel_1&featureref1=we+recommend+pers","PUMA","BLACK","60.50","asos_8327099_black.jpg","asos/women/similar-clothing/asos_8327099_black.jpg","http://images.asos-media.com/products/puma-mesh-hooded-track-jacket/8327099-1-black?$XXL$&wid=513&fit=constrain","Mesh outer|Drawstring hood|Zip fastening|Puma logo to chest|Side pockets|Fixed trims|Regular fit - true to size|Machine wash|51% Cotton, 49% Polyester|Our model wears a UK 8/EU 36/US 4 and is 173cm/5'8"" tall|",,,
"women|similar clothing","10333891","ASOS DESIGN short sleeve high neck top","http://us.asos.com/prd/10333891?CTAref=We+Recommend+Carousel_4&featureref1=we+recommend+pers","ASOS DESIGN","BLACK","35.00","asos_10333891_black.jpg","asos/women/similar-clothing/asos_10333891_black.jpg","http://images.asos-media.com/products/asos-design-short-sleeve-high-neck-top/10333891-1-black?$XXL$&wid=513&fit=constrain","This is a bit of you|High neck|Short sleeves|Plain design|A wardrobe staple|Button fastening to back|Regular cut|Fits you just right|",,,
"women|similar clothing","10204791","ASOS 4505 sheer camo tank top","http://us.asos.com/prd/10204791?CTAref=We+Recommend+Carousel_3&featureref1=we+recommend+pers","ASOS 4505","KHAKI","26.00","asos_10204791_khaki.jpg","asos/women/similar-clothing/asos_10204791_khaki.jpg","http://images.asos-media.com/products/asos-4505-sheer-camo-tank-top/10204791-1-khaki?$XXL$&wid=513&fit=constrain","For when you need a bit more motivation|Round neck|Sleeveless style|Mesh inserts for added ventilation|ASOS 4505 logo print to reverse|Regular fit - true to size|",,,
"women|similar clothing","10333891","ASOS DESIGN short sleeve high neck top","http://us.asos.com/prd/10333891?CTAref=We+Recommend+Carousel_4&featureref1=we+recommend+pers","ASOS DESIGN","BLACK","35.00","asos_10333891_black.jpg","asos/women/similar-clothing/asos_10333891_black.jpg","http://images.asos-media.com/products/asos-design-short-sleeve-high-neck-top/10333891-1-black?$XXL$&wid=513&fit=constrain","This is a bit of you|High neck|Short sleeves|Plain design|A wardrobe staple|Button fastening to back|Regular cut|Fits you just right|",,,
"women|similar clothing","10197414","ASOS 4505 long sleeve top in sheer camo and loose fit","http://us.asos.com/prd/10197414?CTAref=We+Recommend+Carousel_2&featureref1=we+recommend+pers","ASOS 4505","WHITE","29.00","asos_10197414_white.jpg","asos/women/similar-clothing/asos_10197414_white.jpg","http://images.asos-media.com/products/asos-4505-long-sleeve-top-in-sheer-camo-and-loose-fit/10197414-1-white?$XXL$&wid=513&fit=constrain","For when you need a bit more motivation|Round neck|Raglan sleeves for a greater range of movement|Mesh inserts for added ventilation|ASOS 4505 logo print to reverse|Loose fit|Think baggy and casual|",,,
"women|similar clothing","10333891","ASOS DESIGN short sleeve high neck top","http://us.asos.com/prd/10333891?CTAref=We+Recommend+Carousel_3&featureref1=we+recommend+pers","ASOS DESIGN","BLACK","35.00","asos_10333891_black.jpg","asos/women/similar-clothing/asos_10333891_black.jpg","http://images.asos-media.com/products/asos-design-short-sleeve-high-neck-top/10333891-1-black?$XXL$&wid=513&fit=constrain","This is a bit of you|High neck|Short sleeves|Plain design|A wardrobe staple|Button fastening to back|Regular cut|Fits you just right|",,,
"women|similar clothing","8610969","adidas alphaskin Tank In Black","http://us.asos.com/prd/8610969?CTAref=We+Recommend+Carousel_3&featureref1=we+recommend+pers","adidas","BLACK","18.00","asos_8610969_black.jpg","asos/women/similar-clothing/asos_8610969_black.jpg","http://images.asos-media.com/products/adidas-alphaskin-tank-in-black/8610969-1-black?$XXL$&wid=513&fit=constrain","Gym motivation starts with a good kit|adidas Climacool fabric|Ventilated for maximum breathability|Designed to keep you cool and dry|Crew neck|Small adidas logo|Racer back|Alphaskin design supports dynamic movement and provides a locked-in feel|",,,
"women|similar clothing","10056771","ASOS 4505 cami tank top in loose fit with back detail","http://us.asos.com/prd/10056771?CTAref=We+Recommend+Carousel_2&featureref1=we+recommend+pers","ASOS 4505","KHAKI","23.00","asos_10056771_khaki.jpg","asos/women/similar-clothing/asos_10056771_khaki.jpg","http://images.asos-media.com/products/asos-4505-cami-tank-top-in-loose-fit-with-back-detail/10056771-1-khaki?$XXL$&wid=513&fit=constrain","For when you need a bit more motivation|This one's got antibacterial properties|Keeps your gear fresher for longer|Scoop neck|Sleeveless style|Strappy design|ASOS 4505 logo|Loose fit|",,,
"women|similar clothing","10241097","Vero Moda Textured High Neck Top","http://us.asos.com/prd/10241097?CTAref=We+Recommend+Carousel_3&featureref1=we+recommend+pers","","EGGNOG","43.00","asos_10241097_eggnog.jpg","asos/women/similar-clothing/asos_10241097_eggnog.jpg","http://images.asos-media.com/products/vero-moda-textured-high-neck-top/10241097-1-eggnog?$XXL$&wid=513&fit=constrain","The thing you didn't know you needed|High neck|Textured finish|It's all in the details|Button-keyhole back|Shirred cuffs|Regular fit - true to size|",,,
"women|similar clothing","9157042","Puma Exclusive To Asos Plus Mesh Sleeve Sweatshirt","http://us.asos.com/prd/9157042?CTAref=We+Recommend+Carousel_1&featureref1=we+recommend+pers","PUMA","BLACK","79.00","asos_9157042_black.jpg","asos/women/similar-clothing/asos_9157042_black.jpg","http://images.asos-media.com/products/puma-exclusive-to-asos-plus-mesh-sleeve-sweatshirt/9157042-1-black?$XXL$&wid=513&fit=constrain","Witness the fitness|Crew neck|Puma print to chest|The bigger the branding, the better|Mesh inserts|Fitted cuffs and hem|Relaxed fit|Think baggy and casual|",,,
"women|similar clothing","10553482","Boohoo 'Wild Child' Slogan Tee","http://us.asos.com/prd/10553482?CTAref=We+Recommend+Carousel_4&featureref1=we+recommend+pers","boohoo","WHITE","21.00","asos_10553482_white.jpg","asos/women/similar-clothing/asos_10553482_white.jpg","http://images.asos-media.com/products/boohoo-wild-child-slogan-tee/10553482-1-white?$XXL$&wid=513&fit=constrain","Nothing beats a fresh tee|Crew neck|Short sleeves|Slogan design|Let your T-shirt do the talking|Regular fit|Not too loose, not too tight|",,,
"women|similar clothing","8610980","adidas Tie Dye Slim Tee In Pearl","http://us.asos.com/prd/8610980?CTAref=We+Recommend+Carousel_3&featureref1=we+recommend+pers","adidas","ASH-PEARL-S18","30.00","asos_8610980_ash-pearl-s18.jpg","asos/women/similar-clothing/asos_8610980_ash-pearl-s18.jpg","http://images.asos-media.com/products/adidas-tie-dye-slim-tee-in-pearl/8610980-1-ashpearls18?$XXL$&wid=513&fit=constrain","Tie-dye print|Crew neck|adidas logo print|The bigger the branding, the better|Crop cut|Slim fit|A narrow cut that sits close to the body|",,,
"women|similar clothing","9951784","Bershka gray camo sports bra in gray","http://us.asos.com/prd/9951784?CTAref=We+Recommend+Carousel_4&featureref1=we+recommend+pers","Bershka","ANTH.GRAY","29.00","asos_9951784_anth.gray.jpg","asos/women/similar-clothing/asos_9951784_anth.gray.jpg","http://images.asos-media.com/products/bershka-gray-camo-sports-bra-in-gray/9951784-1-anthgrey?$XXL$&wid=513&fit=constrain","Camo print|Blending in is the new standing out|Removable padding|Breathable mesh inserts|What's cooler than being cool?|Supportive underband for a secure fit|Crossed straps to back|No zips or fastenings|Just slips on over your head|",,,
"women|similar clothing","9159285","PrettyLittleThing Leopard Print Gym Crop Top","http://us.asos.com/prd/9159285?CTAref=We+Recommend+Carousel_2&featureref1=we+recommend+pers","PrettyLittleThing","PINK","15.00","asos_9159285_pink.jpg","asos/women/similar-clothing/asos_9159285_pink.jpg","http://images.asos-media.com/products/prettylittlething-leopard-print-gym-crop-top/9159285-1-pink?$XXL$&wid=513&fit=constrain","Leopard-effect print|Yeah, you wild thing|Double-strap design|Racer back|Cropped cut|Slim fit - cut close to the body|Exclusive to ASOS|",,,
"women|similar clothing","9229809","Only Play Performance Camo Sports Bra","http://us.asos.com/prd/9229809?CTAref=We+Recommend+Carousel_4&featureref1=we+recommend+pers","Only Play","MULTI","26.00","asos_9229809_multi.jpg","asos/women/similar-clothing/asos_9229809_multi.jpg","http://images.asos-media.com/products/only-play-performance-camo-sports-bra/9229809-1-multi?$XXL$&wid=513&fit=constrain","Gym motivation starts with a good kit|Camo print|Blending in is the new standing out|Breathable, quick-drying fabric|Moves sweat away from the skin|Designed to keep you cool and dry|Seamless design|Non-padded cups|Supportive underband for a secure fit|",,,
"women|similar clothing","9157053","Puma Exclusive To Asos Strap Detail Bra Top","http://us.asos.com/prd/9157053?CTAref=We+Recommend+Carousel_4&featureref1=we+recommend+pers","PUMA","PEACH","48.00","asos_9157053_peach.jpg","asos/women/similar-clothing/asos_9157053_peach.jpg","http://images.asos-media.com/products/puma-exclusive-to-asos-strap-detail-bra-top/9157053-1-peach?$XXL$&wid=513&fit=constrain","Gym motivation starts with a good kit|Non-padded cups|Scoop neck with strappy detailing|Wide-cut stretch underband for added support|Racer back for a full range of movement|Form-fitting design|Exclusive to ASOS|You heard it here first|",,,
"women|similar clothing","9389795","Adidas Originals Three Stripe Long Sleeve T-Shirt In Black","http://us.asos.com/prd/9389795?CTAref=We+Recommend+Carousel_2&featureref1=we+recommend+pers","adidas","BLACK","46.00","asos_9389795_black.jpg","asos/women/similar-clothing/asos_9389795_black.jpg","http://images.asos-media.com/products/adidas-originals-three-stripe-long-sleeve-t-shirt-in-black/9389795-1-black?$XXL$&wid=513&fit=constrain","Branded design|That 3-Stripe life|Crew neck|Long sleeves|Regular cut|Fits you just right|",,,
"women|similar clothing","10576810","Boohoo Plus amour slogan t-shirt in white","http://us.asos.com/prd/10576810?CTAref=We+Recommend+Carousel_4&featureref1=we+recommend+pers","boohoo","WHITE","19.00","asos_10576810_white.jpg","asos/women/similar-clothing/asos_10576810_white.jpg","http://images.asos-media.com/products/boohoo-plus-amour-slogan-t-shirt-in-white/10576810-1-white?$XXL$&wid=513&fit=constrain","When you just want to be comfy|Round neck|Short sleeves|Printed design|Regular cut|Fits you just right|",,,
"women|similar clothing","9691850","Only Play Wrap Back Tank Top","http://us.asos.com/prd/9691850?CTAref=We+Recommend+Carousel_3&featureref1=we+recommend+pers","Only Play","BLACK","19.00","asos_9691850_black.jpg","asos/women/similar-clothing/asos_9691850_black.jpg","http://images.asos-media.com/products/only-play-wrap-back-tank-top/9691850-1-black?$XXL$&wid=513&fit=constrain","Scoop neck|Breathable mesh panels|Racer back for greater range of movement|Wrap-back detail|Regular cut|Fits you just right|",,,
"women|similar clothing","9821423","Vila Lace Top","http://us.asos.com/prd/9821423?CTAref=We+Recommend+Carousel_1&featureref1=we+recommend+pers","Vila","LILAS","60.00","asos_9821423_lilas.jpg","asos/women/similar-clothing/asos_9821423_lilas.jpg","http://images.asos-media.com/products/vila-lace-top/9821423-1-lilas?$XXL$&wid=513&fit=constrain","Delicate eyelash lace overlay|Looks just like your lashes|Made of fine, individual strands|High neck|Cami lining|Regular fit - not too loose, not too tight|",,,
"women|similar clothing","10404619","ASOS DESIGN scoop neck top in rib with buttons","http://us.asos.com/prd/10404619?CTAref=We+Recommend+Carousel_3&featureref1=we+recommend+pers","ASOS DESIGN","WHITE","23.00","asos_10404619_white.jpg","asos/women/similar-clothing/asos_10404619_white.jpg","http://images.asos-media.com/products/asos-design-scoop-neck-top-in-rib-with-buttons/10404619-1-white?$XXL$&wid=513&fit=constrain","This is a bit of you|Scoop neck|Button placket|Short sleeves|Regular fit|Not too loose, not too tight|",,,
"women|similar clothing","8578127","Reebok Training Perforated Tee In Black","http://us.asos.com/prd/8578127?CTAref=We+Recommend+Carousel_3&featureref1=we+recommend+pers","Reebok","BLACK","26.50","asos_8578127_black.jpg","asos/women/similar-clothing/asos_8578127_black.jpg","http://images.asos-media.com/products/reebok-training-perforated-tee-in-black/8578127-1-black?$XXL$&wid=513&fit=constrain","Stretch ACTIVCHILL fabric|Features enhanced breathability|Designed to keep you cool and dry|Scoop neck|Looser than your average crew|Dropped shoulders|Reebok logo detail|Perforated back|Regular cut|Fits you just right|",,,
"women|similar clothing","9791050","Vans Bright Yellow Classic Logo T-Shirt","http://us.asos.com/prd/9791050?CTAref=We+Recommend+Carousel_4&featureref1=we+recommend+pers","Vans","YELLOW","28.00","asos_9791050_yellow.jpg","asos/women/similar-clothing/asos_9791050_yellow.jpg","http://images.asos-media.com/products/vans-bright-yellow-classic-logo-t-shirt/9791050-1-yellow?$XXL$&wid=513&fit=constrain","Crew neck|It's classic you|Vans Off The Wall logo|The bigger the branding, the better|Regular fit|A standard cut for a classic shape|",,,
"women|similar clothing","10486010","New Look Scarf Print Wrap Body","http://us.asos.com/prd/10486010?CTAref=We+Recommend+Carousel_4&featureref1=we+recommend+pers","New Look","BLK-PATT","32.00","asos_10486010_blk-patt.jpg","asos/women/similar-clothing/asos_10486010_blk-patt.jpg","http://images.asos-media.com/products/new-look-scarf-print-wrap-body/10486010-1-blkpatt?$XXL$&wid=513&fit=constrain","This is a bit of you|Plunge neck|Bold design|It’s an eye-catching kinda day|Brief cut|Close-cut bodycon fit|",,,
"women|similar clothing","8985546","ASOS 4505 Tank Top With Breathable Mesh Panel Detail","http://us.asos.com/prd/8985546?CTAref=We+Recommend+Carousel_3&featureref1=we+recommend+pers","ASOS 4505","NAVY","13.50","asos_8985546_navy.jpg","asos/women/similar-clothing/asos_8985546_navy.jpg","http://images.asos-media.com/products/asos-4505-tank-top-with-breathable-mesh-panel-detail/8985546-1-navy?$XXL$&wid=513&fit=constrain","Sporty with added spice|Crew neck|Breathable mesh side panels|What's cooler than being cool?|Slim fit|A narrow cut that sits close to the body|",,,
"women|similar clothing","9700833","PrettyLittleThing Cross Back High Neck Swimsuit","http://us.asos.com/prd/9700833?CTAref=We+Recommend+Carousel_4&featureref1=we+recommend+pers","PrettyLittleThing","BLACK","32.00","asos_9700833_black.jpg","asos/women/similar-clothing/asos_9700833_black.jpg","http://images.asos-media.com/products/prettylittlething-cross-back-high-neck-swimsuit/9700833-1-black?$XXL$&wid=513&fit=constrain","Summer's over when you say it is|Halter neck|Non-padded cups|Cross back|Tie fastening|High-cut leg|",,,
"women|similar clothing","8851745","ASOS 4505 Training Booty Short","http://us.asos.com/prd/8851745?CTAref=We+Recommend+Carousel_2&featureref1=we+recommend+pers","ASOS 4505","KHAKI","11.00","asos_8851745_khaki.jpg","asos/women/similar-clothing/asos_8851745_khaki.jpg","http://images.asos-media.com/products/asos-4505-training-booty-short/8851745-1-khaki?$XXL$&wid=513&fit=constrain","Breathable fabric|Designed to keep you cool and dry|High rise|Just like your standards|Elasticated waistband|Plain design|Close-cut bodycon fit|",,,
"women|similar clothing","8851745","ASOS 4505 Training Booty Short","http://us.asos.com/prd/8851745?CTAref=We+Recommend+Carousel_1&featureref1=we+recommend+pers","ASOS 4505","KHAKI","11.00","asos_8851745_khaki.jpg","asos/women/similar-clothing/asos_8851745_khaki.jpg","http://images.asos-media.com/products/asos-4505-training-booty-short/8851745-1-khaki?$XXL$&wid=513&fit=constrain","Breathable fabric|Designed to keep you cool and dry|High rise|Just like your standards|Elasticated waistband|Plain design|Close-cut bodycon fit|",,,
"women|similar clothing","9773786","Puma 3 Inch Running Shorts In Black","http://us.asos.com/prd/9773786?CTAref=We+Recommend+Carousel_2&featureref1=we+recommend+pers","PUMA","BLACK","40.00","asos_9773786_black.jpg","asos/women/similar-clothing/asos_9773786_black.jpg","http://images.asos-media.com/products/puma-3-inch-running-shorts-in-black/9773786-1-black?$XXL$&wid=513&fit=constrain","Witness the fitness|Elasticated waistband|Reflective details for enhanced visibility|MP3 pocket|Breathable mesh inserts|Regular cut|Fits you just right|",,,
"women|similar clothing","8851745","ASOS 4505 Training Booty Short","http://us.asos.com/prd/8851745?CTAref=We+Recommend+Carousel_3&featureref1=we+recommend+pers","ASOS 4505","KHAKI","11.00","asos_8851745_khaki.jpg","asos/women/similar-clothing/asos_8851745_khaki.jpg","http://images.asos-media.com/products/asos-4505-training-booty-short/8851745-1-khaki?$XXL$&wid=513&fit=constrain","Breathable fabric|Designed to keep you cool and dry|High rise|Just like your standards|Elasticated waistband|Plain design|Close-cut bodycon fit|",,,
"women|similar clothing","8851745","ASOS 4505 Training Booty Short","http://us.asos.com/prd/8851745?CTAref=We+Recommend+Carousel_2&featureref1=we+recommend+pers","ASOS 4505","KHAKI","11.00","asos_8851745_khaki.jpg","asos/women/similar-clothing/asos_8851745_khaki.jpg","http://images.asos-media.com/products/asos-4505-training-booty-short/8851745-1-khaki?$XXL$&wid=513&fit=constrain","Breathable fabric|Designed to keep you cool and dry|High rise|Just like your standards|Elasticated waistband|Plain design|Close-cut bodycon fit|",,,
"women|similar clothing","9691868","Only Play Running Reflective Shorts With Pocket","http://us.asos.com/prd/9691868?CTAref=We+Recommend+Carousel_4&featureref1=we+recommend+pers","Only Play","MULTI","45.00","asos_9691868_multi.jpg","asos/women/similar-clothing/asos_9691868_multi.jpg","http://images.asos-media.com/products/only-play-running-reflective-shorts-with-pocket/9691868-1-multi?$XXL$&wid=513&fit=constrain","Made with runners in mind|Internal drawstring waist|Inner shorts lining|Zipped side pockets|Curved hem|Reflective detail|Breathable design|Regular fit|A standard cut for a classic shape|",,,
"women|similar clothing","10244673","ASOS DESIGN two-piece skirt in knit with tipping","http://us.asos.com/prd/10244673?CTAref=We+Recommend+Carousel_4&featureref1=we+recommend+pers","ASOS DESIGN","MONO","35.00","asos_10244673_mono.jpg","asos/women/similar-clothing/asos_10244673_mono.jpg","http://images.asos-media.com/products/asos-design-two-piece-skirt-in-knit-with-tipping/10244673-1-mono?$XXL$&wid=513&fit=constrain","Co-ord style|It's got a BFF|High rise|Just like your standards|Contrast tipping|Body-Conscious fit|Holds you close|",,,
"women|similar clothing","10071604","Glamorous wrap mini skirt in vintage scrarf print","http://us.asos.com/prd/10071604?CTAref=We+Recommend+Carousel_3&featureref1=we+recommend+pers","Glamorous","PINK-SCARF","34.00","asos_10071604_pink-scarf.jpg","asos/women/similar-clothing/asos_10071604_pink-scarf.jpg","http://images.asos-media.com/products/glamorous-wrap-mini-skirt-in-vintage-scrarf-print/10071604-1-pinkscarf?$XXL$&wid=513&fit=constrain","Like what you see, do ya?|Mid-rise waist|Crossover design|You’ve got this all wrapped up|Scarf print|Tie fastening|Regular fit - true to size|",,,
"women|similar clothing","10396065","Free People Modern Femme camo print denim mini skirt","http://us.asos.com/prd/10396065?CTAref=We+Recommend+Carousel_3&featureref1=we+recommend+pers","Free People","BLACK-COMBO","55.00","asos_10396065_black-combo.jpg","asos/women/similar-clothing/asos_10396065_black-combo.jpg","http://images.asos-media.com/products/free-people-modern-femme-camo-print-denim-mini-skirt/10396065-1-blackcombo?$XXL$&wid=513&fit=constrain","A wardrobe staple|Camo print|High rise|Zip fastening|Slim fit|A narrow cut that sits close to the body|",,,
"women|similar clothing","8963193","adidas Originals Deerupt Sneakers In White","http://us.asos.com/prd/8963193?CTAref=We+Recommend+Carousel_2&featureref1=we+recommend+pers","adidas","WHITE","100.00","asos_8963193_white.jpg","asos/women/similar-clothing/asos_8963193_white.jpg","http://images.asos-media.com/products/adidas-originals-deerupt-sneakers-in-white/8963193-1-white?$XXL$&wid=513&fit=constrain","Nothing beats a fresh pair of sneakers|Lace-up fastening|Sock-like cuff|Chunky sole|OrthoLite performance insole|Wicks moisture and provides long-lasting comfort|Air-flow system for breathability|Textured tread|Color may run due to nature of material|",,,
"women|similar clothing","9631410","adidas Originals Swift Run Sneakers In Blue","http://us.asos.com/prd/9631410?CTAref=We+Recommend+Carousel_3&featureref1=we+recommend+pers","adidas","BLUE","100.00","asos_9631410_blue.jpg","asos/women/similar-clothing/asos_9631410_blue.jpg","http://images.asos-media.com/products/adidas-originals-swift-run-sneakers-in-blue/9631410-1-blue?$XXL$&wid=513&fit=constrain","Nothing beats a fresh pair of sneakers|Lace-up fastening|One-piece tongue and cuff|adidas Trefoil and 3-Stripes branding|OrthoLite insole|Provides lightweight, lasting cushioning for comfort|Breathable and wicks sweat away to keep your kicks fresh|Durable rubber sole|Moulded tread|",,,
"women|similar clothing","8732872","adidas Originals NMD R1 Sneakers In Black","http://us.asos.com/prd/8732872?CTAref=We+Recommend+Carousel_3&featureref1=we+recommend+pers","adidas","BLACK","143.00","asos_8732872_black.jpg","asos/women/similar-clothing/asos_8732872_black.jpg","http://images.asos-media.com/products/adidas-originals-nmd-r1-sneakers-in-black/8732872-1-black?$XXL$&wid=513&fit=constrain","Box shows US and European size to be a size smaller|Please order your normal size|Mixed yarn design|Lace-up fastening|Sock-like tongue and cuff|Branded pull tab|boost cushioning for extra comfort|3-Stripes to side|Molded EVA midsole plugs|Molded heel patch|Chunky sole|",,,
"women|similar clothing","8826341","adidas Originals Swift Run Sneakers In Triple White","http://us.asos.com/prd/8826341?CTAref=We+Recommend+Carousel_1&featureref1=we+recommend+pers","adidas","WHITE","90.00","asos_8826341_white.jpg","asos/women/similar-clothing/asos_8826341_white.jpg","http://images.asos-media.com/products/adidas-originals-swift-run-sneakers-in-triple-white/8826341-1-white?$XXL$&wid=513&fit=constrain","Nothing beats a fresh pair of sneakers|Lace-up fastening|Sock-like construction for a more secure fit|Molded EVA midsole for lightweight cushioning|Branded design|It's all in the details|Padded for comfort|Moulded tread|",,,
"women|similar clothing","9631410","adidas Originals Swift Run Sneakers In Blue","http://us.asos.com/prd/9631410?CTAref=We+Recommend+Carousel_3&featureref1=we+recommend+pers","adidas","BLUE","100.00","asos_9631410_blue.jpg","asos/women/similar-clothing/asos_9631410_blue.jpg","http://images.asos-media.com/products/adidas-originals-swift-run-sneakers-in-blue/9631410-1-blue?$XXL$&wid=513&fit=constrain","Nothing beats a fresh pair of sneakers|Lace-up fastening|One-piece tongue and cuff|adidas Trefoil and 3-Stripes branding|OrthoLite insole|Provides lightweight, lasting cushioning for comfort|Breathable and wicks sweat away to keep your kicks fresh|Durable rubber sole|Moulded tread|",,,
"women|similar clothing","9086098","adidas Originals Swift Run Sneakers In Pink Multi","http://us.asos.com/prd/9086098?CTAref=We+Recommend+Carousel_4&featureref1=we+recommend+pers","adidas","PINK","90.00","asos_9086098_pink.jpg","asos/women/similar-clothing/asos_9086098_pink.jpg","http://images.asos-media.com/products/adidas-originals-swift-run-sneakers-in-pink-multi/9086098-1-pink?$XXL$&wid=513&fit=constrain","Box shows US and European size to be a size smaller|Please order your normal size|Nothing beats a fresh pair of sneakers|Sock-like construction for a more secure fit|Lace-up fastening|Branded design|It's all in the details|EVA midsole for lightweight cushioning|Padded for comfort|Chunky sole|Moulded tread|",,,
"women|similar clothing","8575999","adidas PureBOOST X In Cream","http://us.asos.com/prd/8575999?CTAref=We+Recommend+Carousel_2&featureref1=we+recommend+pers","adidas","ASH-PEARL-S18","78.50","asos_8575999_ash-pearl-s18.jpg","asos/women/similar-clothing/asos_8575999_ash-pearl-s18.jpg","http://images.asos-media.com/products/adidas-pureboost-x-in-cream/8575999-1-ashpearls18?$XXL$&wid=513&fit=constrain","Natural feel for flexibility and ground feel|Lace-up fastening|Responsive Boost cushioning|Adaptive arch moulds to the shape of your foot for a more secure fit|Padded for comfort|Pull tab for an easier on and off|Moulded tread|",,,
"women|similar clothing","9045944","Puma Running Ignite Flash EvoKnit Sneakers In White","http://us.asos.com/prd/9045944?CTAref=We+Recommend+Carousel_4&featureref1=we+recommend+pers","PUMA","WHITE","119.00","asos_9045944_white.jpg","asos/women/similar-clothing/asos_9045944_white.jpg","http://images.asos-media.com/products/puma-running-ignite-flash-evoknit-sneakers-in-white/9045944-1-white?$XXL$&wid=513&fit=constrain","EvoKnit upper|Secure lace-up fastening|You're in control|Molded midsole|Softfoam sockliner|Padded for comfort|Puma branding to back|Pull tabs|Rubber outsole for added grip|",,,
"women|similar clothing","8575993","adidas alphabounce beyond in white","http://us.asos.com/prd/8575993?CTAref=We+Recommend+Carousel_1&featureref1=we+recommend+pers","adidas","FTWR-WHITE","100.00","asos_8575993_ftwr-white.jpg","asos/women/similar-clothing/asos_8575993_ftwr-white.jpg","http://images.asos-media.com/products/adidas-alphabounce-beyond-in-white/8575993-1-ftwrwhite?$XXL$&wid=513&fit=constrain","Nothing beats a fresh pair of sneakers|Lace-up design|Padded for comfort|Sock-like construction for snug fit|Branded design|For that logo lifestyle|Chunky sole|Bounce cushioning provides enhanced comfort and flexibility|Moulded tread|",,,
"women|similar clothing","8575989","adidas alphabounce beyond","http://us.asos.com/prd/8575989?CTAref=We+Recommend+Carousel_2&featureref1=we+recommend+pers","adidas","GRAY-FOUR-F17","100.00","asos_8575989_gray-four-f17.jpg","asos/women/similar-clothing/asos_8575989_gray-four-f17.jpg","http://images.asos-media.com/products/adidas-alphabounce-beyond/8575989-1-greyfourf17?$XXL$&wid=513&fit=constrain","Nothing beats a fresh pair of sneakers|Lace-up design|Padded for comfort|Sock-like construction for snug fit|Branded design|For that logo lifestyle|Chunky sole|Bounce cushioning provides enhanced comfort and flexibility|Moulded tread|",,,
"women|similar clothing","8578504","Reebok Training Speed Tr 2.0 Sneakers In Gray","http://us.asos.com/prd/8578504?CTAref=We+Recommend+Carousel_3&featureref1=we+recommend+pers","Reebok","BLACK-WHITE-SILVR","111.00","asos_8578504_black-white-silvr.jpg","asos/women/similar-clothing/asos_8578504_black-white-silvr.jpg","http://images.asos-media.com/products/reebok-training-speed-tr-20-sneakers-in-gray/8578504-1-blackwhitesilvr?$XXL$&wid=513&fit=constrain","Ideal for high impact workouts, speed training and  varied surfaces|Lace-up fastening|Traction pattern and lugged outsole for better grip on varied surfaces|EVA foam midsole for responsive cushioning|Moulded tread|",,,
"women|similar clothing","9045926","Puma Running Ignite Flash EvoKnit Sneakers In sTONE","http://us.asos.com/prd/9045926?CTAref=We+Recommend+Carousel_1&featureref1=we+recommend+pers","PUMA","GRAY","119.00","asos_9045926_gray.jpg","asos/women/similar-clothing/asos_9045926_gray.jpg","http://images.asos-media.com/products/puma-running-ignite-flash-evoknit-sneakers-in-stone/9045926-1-grey?$XXL$&wid=513&fit=constrain","EvoKnit upper|Secure lace-up fastening|You're in control|Molded midsole|Softfoam sockliner|Padded for comfort|Puma branding to back|Pull tabs|Rubber outsole for added grip|",,,
"women|similar clothing","9045949","Puma Running Ignite Flash Evoknit Satin Sneakers","http://us.asos.com/prd/9045949?CTAref=We+Recommend+Carousel_4&featureref1=we+recommend+pers","PUMA","MULTI","119.00","asos_9045949_multi.jpg","asos/women/similar-clothing/asos_9045949_multi.jpg","http://images.asos-media.com/products/puma-running-ignite-flash-evoknit-satin-sneakers/9045949-1-multi?$XXL$&wid=513&fit=constrain","EvoKnit upper|Secure lace-up fastening|You're in control|Molded midsole|Softfoam sockliner|Padded for comfort|Puma branding to back|Pull tabs|Rubber outsole for added grip|",,,
"women|similar clothing","8563171","adidas Originals Swift Run Primeknit Sneakers In Gray","http://us.asos.com/prd/8563171?CTAref=We+Recommend+Carousel_3&featureref1=we+recommend+pers","adidas","GRAY","84.00","asos_8563171_gray.jpg","asos/women/similar-clothing/asos_8563171_gray.jpg","http://images.asos-media.com/products/adidas-originals-swift-run-primeknit-sneakers-in-gray/8563171-1-grey?$XXL$&wid=513&fit=constrain","Breathable design|Lace-up fastening|Branded detail|adidas Originals|Sock-like cuff|Chunky sole|Moulded tread|",,,
"women|similar clothing","9382372","Reebok Training Guresu Color Block Sneakers","http://us.asos.com/prd/9382372?CTAref=We+Recommend+Carousel_2&featureref1=we+recommend+pers","Reebok","MULTI","103.00","asos_9382372_multi.jpg","asos/women/similar-clothing/asos_9382372_multi.jpg","http://images.asos-media.com/products/reebok-training-guresu-color-block-sneakers/9382372-1-multi?$XXL$&wid=513&fit=constrain","Nothing beats a fresh pair of sneakers|Lace-up fastening|Branded design|For that logo lifestyle|Pull tab|Chunky sole|Moulded tread|",,,
"women|similar clothing","9809309","Puma Training Defy Sneakers In White","http://us.asos.com/prd/9809309?CTAref=We+Recommend+Carousel_1&featureref1=we+recommend+pers","PUMA","WHITE","127.00","asos_9809309_white.jpg","asos/women/similar-clothing/asos_9809309_white.jpg","http://images.asos-media.com/products/puma-training-defy-sneakers-in-white/9809309-1-white?$XXL$&wid=513&fit=constrain","These will help at your gym session|Lace-up fastening|Sock-like tongue and cuff|PUMA logo and branding|It's all in the details|Chunky sole|",,,
"women|similar clothing","9371679","adidas Training Athletics Sneakers In Burgundy","http://us.asos.com/prd/9371679?CTAref=We+Recommend+Carousel_2&featureref1=we+recommend+pers","adidas","MAROON","100.00","asos_9371679_maroon.jpg","asos/women/similar-clothing/asos_9371679_maroon.jpg","http://images.asos-media.com/products/adidas-training-athletics-sneakers-in-burgundy/9371679-1-maroon?$XXL$&wid=513&fit=constrain","Nothing beats a fresh pair of sneakers|Lace-up fastening|Molded sockliner for recovery after sports|Branded design|That 3-Stripe life|Lightweight EVA midsole|Rubber outsole|",,,
"women|similar clothing","9809320","Puma Training Defy Sneakers In Black","http://us.asos.com/prd/9809320?CTAref=We+Recommend+Carousel_1&featureref1=we+recommend+pers","PUMA","BLACK","127.00","asos_9809320_black.jpg","asos/women/similar-clothing/asos_9809320_black.jpg","http://images.asos-media.com/products/puma-training-defy-sneakers-in-black/9809320-1-black?$XXL$&wid=513&fit=constrain","These will help at you gym session|Lace-up fastening|Sock-like tongue and cuff|PUMA logo and branding|It's all in the details|Chunky sole|",,,
"women|similar clothing","8962936","adidas Originals NMD R1 Sneakers in All Black","http://us.asos.com/prd/8962936?CTAref=We+Recommend+Carousel_2&featureref1=we+recommend+pers","adidas","BLACK","117.00","asos_8962936_black.jpg","asos/women/similar-clothing/asos_8962936_black.jpg","http://images.asos-media.com/products/adidas-originals-nmd-r1-sneakers-in-all-black/8962936-1-black?$XXL$&wid=513&fit=constrain","Box shows US and European size to be a size smaller|Please order your normal size|adidas primeknit upper|Lace-up fastening|Boost responsive cushioning|Sock-like cuff|For additional comfort|Molded EVA midsole|Chunky sole|",,,
"women|similar clothing","9783175","adidas Originals Pod-S3.1 Sneakers In Triple White","http://us.asos.com/prd/9783175?CTAref=We+Recommend+Carousel_2&featureref1=we+recommend+pers","adidas","WHITE","110.00","asos_9783175_white.jpg","asos/women/similar-clothing/asos_9783175_white.jpg","http://images.asos-media.com/products/adidas-originals-pod-s31-sneakers-in-triple-white/9783175-1-white?$XXL$&wid=513&fit=constrain","Style and comfort - it's a lifestyle|Lace-up fastening|Sock-like cuff|3-Stripes to side|adidas logo tab to back|It's all in the details|boost cushioning to heel|High-rebound EVA forefoot absorbs impact|",,,
"women|similar clothing","8575732","adidas PureBOOST X TR 3.0","http://us.asos.com/prd/8575732?CTAref=We+Recommend+Carousel_4&featureref1=we+recommend+pers","adidas","CORE-BLACK","85.50","asos_8575732_core-black.jpg","asos/women/similar-clothing/asos_8575732_core-black.jpg","http://images.asos-media.com/products/adidas-pureboost-x-tr-30/8575732-1-coreblack?$XXL$&wid=513&fit=constrain","Nothing beats a fresh pair of sneakers|Lace-up fastening|Sock-like cuff|boost cushioning for comfort|EVA sockliner for cushioning and support|Torsion System for midfoot integrity|adidas Sport logo to heel|Durable rubber sole|",,,
"women|similar clothing","9699684","Steve Madden Belle Stripe Trim Sneaker","http://us.asos.com/prd/9699684?CTAref=We+Recommend+Carousel_1&featureref1=we+recommend+pers","Steve Madden","WHITE-SYNTHETIC","92.00","asos_9699684_white-synthetic.jpg","asos/women/similar-clothing/asos_9699684_white-synthetic.jpg","http://images.asos-media.com/products/steve-madden-belle-stripe-trim-sneaker/9699684-1-whitesynthetic?$XXL$&wid=513&fit=constrain","Lace-up design|Padded tongue and cuff for comfort|Contrast side stripes|Stud embellishment|It's all in the details|Chunky sole|",,,
"women|similar clothing","9635809","adidas Running Purebounce+ Sneakers In White","http://us.asos.com/prd/9635809?CTAref=We+Recommend+Carousel_3&featureref1=we+recommend+pers","adidas","WHITE","100.00","asos_9635809_white.jpg","asos/women/similar-clothing/asos_9635809_white.jpg","http://images.asos-media.com/products/adidas-running-purebounce-sneakers-in-white/9635809-1-white?$XXL$&wid=513&fit=constrain","Sweet looks from the ground up|Lace-up fastening|Branded design|That 3-Stripe life|Contrast chunky sole|Flex-groove tread|",,,
"women|similar clothing","8578547","Reebok Running Printsmooth Sneakers In Pink","http://us.asos.com/prd/8578547?CTAref=We+Recommend+Carousel_3&featureref1=we+recommend+pers","Reebok","CHALK-PINK-URBAN-MAR","66.50","asos_8578547_chalk-pink-urban-mar.jpg","asos/women/similar-clothing/asos_8578547_chalk-pink-urban-mar.jpg","http://images.asos-media.com/products/reebok-running-printsmooth-sneakers-in-pink/8578547-1-chalkpinkurbanmar?$XXL$&wid=513&fit=constrain","Lace-up fastening|Sock-like cuff|Heel pull tab|Reebok logo design|Foam-cushioned midsole|Exaggerated outsole increases traction|Or, in other words, helps you get a grip|",,,
"women|similar clothing","9631025","adidas Originals Eqt Support Mid Adv Sneakers In Black And Pink","http://us.asos.com/prd/9631025?CTAref=We+Recommend+Carousel_4&featureref1=we+recommend+pers","adidas","BLACK","110.00","asos_9631025_black.jpg","asos/women/similar-clothing/asos_9631025_black.jpg","http://images.asos-media.com/products/adidas-originals-eqt-support-mid-adv-sneakers-in-black-and-pink/9631025-1-black?$XXL$&wid=513&fit=constrain","First launched in the 90s|Who says they don't make them like they used to?|OrthoLite insole wicks sweat away to keep your kicks fresh|Lace-up fastening|Sock-like cuff|adidas 3-Stripe design|EVA midsole provides lightweight cushioning|Rubber outsole for durable traction|",,,
"women|similar clothing","8963453","adidas Originals NMD R2 Sneakers In Orange","http://us.asos.com/prd/8963453?CTAref=We+Recommend+Carousel_2&featureref1=we+recommend+pers","adidas","ORANGE","156.00","asos_8963453_orange.jpg","asos/women/similar-clothing/asos_8963453_orange.jpg","http://images.asos-media.com/products/adidas-originals-nmd-r2-sneakers-in-orange/8963453-1-orange?$XXL$&wid=513&fit=constrain","Nothing beats a fresh pair of sneakers|Lace-up fastening|Pull tab for an easier on and off|Branded design|It's all in the details|Padded for comfort|Chunky sole|Moulded tread|",,,
"women|similar clothing","9371676","adidas Running Parley Ultraboost Sneakers In White","http://us.asos.com/prd/9371676?CTAref=We+Recommend+Carousel_1&featureref1=we+recommend+pers","adidas","FTWR-WHITE","221.00","asos_9371676_ftwr-white.jpg","asos/women/similar-clothing/asos_9371676_ftwr-white.jpg","http://images.asos-media.com/products/adidas-running-parley-ultraboost-sneakers-in-white/9371676-1-ftwrwhite?$XXL$&wid=513&fit=constrain","Sweet looks from the ground up|Lace-up design|Branded tongue and cuff|Padded for comfort|3-stripes to side|adidas BOOST temperature-independent cushioning|Rubber outsole increases traction|In other words, helps you get a grip|Part of the Eco Edit|Saving the planet one pair of sneakers at a time|",,,
"women|similar clothing","8575735","adidas PureBOOST X TR 3.0","http://us.asos.com/prd/8575735?CTAref=We+Recommend+Carousel_3&featureref1=we+recommend+pers","adidas","CHALK-CORAL","143.00","asos_8575735_chalk-coral.jpg","asos/women/similar-clothing/asos_8575735_chalk-coral.jpg","http://images.asos-media.com/products/adidas-pureboost-x-tr-30/8575735-1-chalkcoral?$XXL$&wid=513&fit=constrain","These will help at your gym session|Lace-up fastening|Sock-like cuff|EVA sockliner for extra comfort|boost cushioning absorbs impact and springs back|Floating arches hug your foot for more support|Torsion system in the midfoot with integrated bands|Designed specifically to support lateral movements|Pure Boost branding to heel|Chunky sole|Moulded tread|",,,
"women|similar clothing","9045836","Puma Prowl Alt Satin Training Sneakers In Dusky Pink","http://us.asos.com/prd/9045836?CTAref=We+Recommend+Carousel_4&featureref1=we+recommend+pers","PUMA","PINK","95.00","asos_9045836_pink.jpg","asos/women/similar-clothing/asos_9045836_pink.jpg","http://images.asos-media.com/products/puma-prowl-alt-satin-training-sneakers-in-dusky-pink/9045836-1-pink?$XXL$&wid=513&fit=constrain","Secure lace-up fastening|You're in control|Molded midsole|Softfoam sockliner|Padded for comfort|Puma branding to side|Pull tabs|Rubber outsole pods for added grip|",,,
"women|similar clothing","8963737","adidas Originals Arkyn Sneakers In Pink","http://us.asos.com/prd/8963737?CTAref=We+Recommend+Carousel_1&featureref1=we+recommend+pers","adidas","PINK","66.00","asos_8963737_pink.jpg","asos/women/similar-clothing/asos_8963737_pink.jpg","http://images.asos-media.com/products/adidas-originals-arkyn-sneakers-in-pink/8963737-1-pink?$XXL$&wid=513&fit=constrain","Lace-up fastening|Sock-like cuff|Padded for comfort|Pull tab|Branded design|That 3-Stripe life|Responsive Boost sole|Textured tread|",,,
"women|similar clothing","9045929","Puma Running Ignite Flash Evoknit Satin Sneakers In Dusky Pink","http://us.asos.com/prd/9045929?CTAref=We+Recommend+Carousel_2&featureref1=we+recommend+pers","PUMA","PINK","119.00","asos_9045929_pink.jpg","asos/women/similar-clothing/asos_9045929_pink.jpg","http://images.asos-media.com/products/puma-running-ignite-flash-evoknit-satin-sneakers-in-dusky-pink/9045929-1-pink?$XXL$&wid=513&fit=constrain","Nothing beats a fresh pair of sneakers|Lace-up design|Satin detailing|Pull tab|Puma logo|Cushioned mid-sole|Branded tongue and cuff|Chunky sole|Moulded tread|",,,
"women|similar clothing","8573384","adidas Originals Prophere Sneakers In Black And Pink","http://us.asos.com/prd/8573384?CTAref=We+Recommend+Carousel_3&featureref1=we+recommend+pers","adidas","BLACK","84.00","asos_8573384_black.jpg","asos/women/similar-clothing/asos_8573384_black.jpg","http://images.asos-media.com/products/adidas-originals-prophere-sneakers-in-black-and-pink/8573384-1-black?$XXL$&wid=513&fit=constrain","Box shows US and European size to be a size smaller|Please order your normal size|Melange effect|Lace-up design|Faux-suede branded design|That 3-Stripe life|Embroidered details to vamp and heel|Ortholite sock liner|Molded mid-sole|Moulded tread|",,,
"women|similar clothing","9086112","adidas Originals F/22 Primeknit Sneakers In Off White","http://us.asos.com/prd/9086112?CTAref=We+Recommend+Carousel_4&featureref1=we+recommend+pers","adidas","CREAM","143.00","asos_9086112_cream.jpg","asos/women/similar-clothing/asos_9086112_cream.jpg","http://images.asos-media.com/products/adidas-originals-f-22-primeknit-sneakers-in-off-white/9086112-1-cream?$XXL$&wid=513&fit=constrain","Box shows US and European size to be a size smaller|Please order your normal size|Inspired by the 90s Water Moccasin series|Embrace the throwback feels|Lace-up fastening|Sock-like cuff|Grosgrain pull tab|Makes getting them on a little easier|Suede patches|adidas 3-Stripe design|Ultra-soft midsole|Rubber outsole for durable traction|Part of the Eco Edit|",,,
"women|similar clothing","9150840","Puma Suede Bow Valentines Sneakers In Pink","http://us.asos.com/prd/9150840?CTAref=We+Recommend+Carousel_2&featureref1=we+recommend+pers","PUMA","PINK","127.00","asos_9150840_pink.jpg","asos/women/similar-clothing/asos_9150840_pink.jpg","http://images.asos-media.com/products/puma-suede-bow-valentines-sneakers-in-pink/9150840-1-pink?$XXL$&wid=513&fit=constrain","Sweet looks from the ground up|Lace-up fastening|Padded cuff for comfort|Branding to side|For that logo lifestyle|Bow to back|Chunky sole|Moulded tread|",,,
"women|similar clothing","8578112","Reebok Training Guresu Sneakers In Sand Stone","http://us.asos.com/prd/8578112?CTAref=We+Recommend+Carousel_4&featureref1=we+recommend+pers","Reebok","SAND-STONE-WHITE","95.00","asos_8578112_sand-stone-white.jpg","asos/women/similar-clothing/asos_8578112_sand-stone-white.jpg","http://images.asos-media.com/products/reebok-training-guresu-sneakers-in-sand-stone/8578112-1-sandstonewhite?$XXL$&wid=513&fit=constrain","Molded Ortholite insole for comfort|Mid-cut profile for stability and support|Lace-up fastening|Pull tabs on tongue and heel|Reebok logo design|Elasticated foot wrap for a locked-in feel|Shock-absorbing foam midsole|Forefoot flex grooves for enhanced flexibility|Exaggerated outsole increases traction|Or, in other words, helps you get a grip|",,,
"women|similar clothing","8575988","adidas PureBOOST X In Black","http://us.asos.com/prd/8575988?CTAref=We+Recommend+Carousel_4&featureref1=we+recommend+pers","adidas","CARBON-S18","143.00","asos_8575988_carbon-s18.jpg","asos/women/similar-clothing/asos_8575988_carbon-s18.jpg","http://images.asos-media.com/products/adidas-pureboost-x-in-black/8575988-1-carbons18?$XXL$&wid=513&fit=constrain","Lace-up fastening|Sock-like tongue and cuff|boost™ cushioning absorbs impact and springs back|Welded overlays for support and sustainability|Adaptive arch hugs your foot|adidas Sport logo|ATR outsole for durability|STRECHWEB rubber flexes for a comfortable ride|Molded tread for extra grip|",,,
"women|similar clothing","9200561","ASOS DESIGN Joellie Queen Bee Novelty Espadrilles","http://us.asos.com/prd/9200561?CTAref=We+Recommend+Carousel_2&featureref1=we+recommend+pers","ASOS DESIGN","MULTI","35.00","asos_9200561_multi.jpg","asos/women/similar-clothing/asos_9200561_multi.jpg","http://images.asos-media.com/products/asos-design-joellie-queen-bee-novelty-espadrilles/9200561-1-multi?$XXL$&wid=513&fit=constrain","Who else is feeling that summer state of mind?|Slip-on style|Embroidered 'Queen Bee' design|It's all in the details|Pull tab|Woven midsole|Textured tread|",,,
"women|similar clothing","9631041","adidas Originals Nmd R1 Sneakers In White","http://us.asos.com/prd/9631041?CTAref=We+Recommend+Carousel_3&featureref1=we+recommend+pers","adidas","WHITE","169.00","asos_9631041_white.jpg","asos/women/similar-clothing/asos_9631041_white.jpg","http://images.asos-media.com/products/adidas-originals-nmd-r1-sneakers-in-white/9631041-1-white?$XXL$&wid=513&fit=constrain","Not just for the commute|Lace-up fastening|Branded pull tab|Makes getting them on a little easier|adidas 3-Stripe design|Boost midsole provides responsive cushioning|Rubber outsole for durable traction|",,,
"women|similar clothing","9494298","Ted Baker Black Floral Sporty Sneakers","http://us.asos.com/prd/9494298?CTAref=We+Recommend+Carousel_3&featureref1=we+recommend+pers","Ted Baker","MULTI","174.00","asos_9494298_multi.jpg","asos/women/similar-clothing/asos_9494298_multi.jpg","http://images.asos-media.com/products/ted-baker-black-floral-sporty-sneakers/9494298-1-multi?$XXL$&wid=513&fit=constrain","Signature floral print|It's a classic|Metallic leather trim|Lace-up fastening|Grosgrain pull tab|Elasticated strap|Padded tongue and cuff|Branded sole|",,,
"women|similar clothing","10059406","ASOS DESIGN Nela satin floral slippers","http://us.asos.com/prd/10059406?CTAref=We+Recommend+Carousel_3&featureref1=we+recommend+pers","ASOS DESIGN","MULTI","19.00","asos_10059406_multi.jpg","asos/women/similar-clothing/asos_10059406_multi.jpg","http://images.asos-media.com/products/asos-design-nela-satin-floral-slippers/10059406-1-multi?$XXL$&wid=513&fit=constrain","Floral print|Break out the blooms|Open toe|Slip-on style|Flat sole|",,,
"women|similar clothing","9859505","ASOS DESIGN Poker Slingback High Heels","http://us.asos.com/prd/9859505?CTAref=We+Recommend+Carousel_4&featureref1=we+recommend+pers","ASOS DESIGN","KHAKI","72.00","asos_9859505_khaki.jpg","asos/women/similar-clothing/asos_9859505_khaki.jpg","http://images.asos-media.com/products/asos-design-poker-slingback-high-heels/9859505-1-khaki?$XXL$&wid=513&fit=constrain","Pointed toe|Slip-on design|Sling-back style|No slipping off your feet|High heel|Stepping it up a level – quite literally|",,,
"women|similar clothing","9492684","Fashion Union Plus Crochet Lace Romper","http://us.asos.com/prd/9492684?CTAref=We+Recommend+Carousel_4&featureref1=we+recommend+pers","Fashion Union","BLACK-CROCHET","51.00","asos_9492684_black-crochet.jpg","asos/women/similar-clothing/asos_9492684_black-crochet.jpg","http://images.asos-media.com/products/fashion-union-plus-crochet-lace-romper/9492684-1-blackcrochet?$XXL$&wid=513&fit=constrain","Done in one|Fully lined|Crew neck|Button-keyhole back|Regular cut|Fits you just right|",,,